ENERGY_SOURCE,year,avg_energy_use
coal,2021,405729.17307692295
coal,2022,380219.07692307705
coal,2023,314218.1730769231
total_renewables,2021,293889.0576923076
total_renewables,2022,311331.1923076924
